SUO,SP,n,med,year
08,1,2977,185300.0,2021
08,2,4350,176300.0,2021
05.3,2,82677,119000.0,2021
05.3,1,93759,126900.0,2021
08,0,1,304000.0,2021
07,1,129540,182800.0,2021
05.2,2,50458,85000.0,2021
,2,4,121500.0,2021
05.2,1,77030,100000.0,2021
07,2,175645,174200.0,2021
,1,15,110000.0,2021
08,2,4188,239150.0,2022
08,1,4283,216300.0,2022
05.3,2,76899,154900.0,2022
05.3,1,90245,167000.0,2022
07,1,120038,201000.0,2022
05.2,2,41525,120300.0,2022
,2,6,192500.0,2022
05.2,1,62162,143000.0,2022
07,2,159393,203000.0,2022
,1,45,164000.0,2022
08,2,3996,239700.0,2023
08,1,3251,239500.0,2023
05.3,0,1,118600.0,2023
05.3,2,71827,195000.0,2023
05.3,1,89643,200000.0,2023
07,0,2,196300.0,2023
07,1,128298,229300.0,2023
05.2,2,42757,178800.0,2023
,2,11,172000.0,2023
07,2,163204,229300.0,2023
05.2,1,65334,187500.0,2023
,1,21,199300.0,2023
08,2,3698,270050.0,2024
08,1,2948,250500.0,2024
05.3,0,3,126400.0,2024
05.3,1,100560,226000.0,2024
05.3,2,85362,207000.0,2024
07,1,143227,254200.0,2024
05.2,2,49939,180000.0,2024
,2,5,240000.0,2024
07,0,2,418150.0,2024
07,2,190186,263200.0,2024
05.2,1,67549,202200.0,2024
,1,7,240700.0,2024
