b,n,year
0.0,1423,2022
1.0,5708,2022
2.0,55062,2022
3.0,61875,2022
4.0,58481,2022
5.0,45505,2022
6.0,45784,2022
7.0,39328,2022
8.0,37216,2022
9.0,31363,2022
10.0,26528,2022
11.0,20736,2022
12.0,19455,2022
13.0,14151,2022
14.0,14271,2022
15.0,11210,2022
16.0,9803,2022
17.0,7242,2022
18.0,6636,2022
19.0,5914,2022
20.0,4735,2022
21.0,3924,2022
22.0,3260,2022
23.0,3047,2022
24.0,2759,2022
25.0,2485,2022
26.0,1911,2022
27.0,1907,2022
28.0,1380,2022
29.0,1415,2022
30.0,1293,2022
31.0,1054,2022
32.0,885,2022
33.0,803,2022
34.0,827,2022
35.0,578,2022
36.0,603,2022
37.0,461,2022
38.0,691,2022
39.0,774,2022
40.0,6301,2022
