hh,resp_rate,inc_med,inc_mean,sh_wage,sh_self,sh_pens,exp_med,debt_share,year,q
11950,1.0,589620.0,666691.5583606834,0.6140015210449499,0.08926570149920285,0.21980005614503825,214769.0,0.9997145304025121,2021,1
11877,1.0,612000.0,694225.8540485658,0.6220779852728865,0.08785117718076425,0.2177724798483319,204750.0,0.9996986136226642,2021,2
11731,1.0,629991.0,710993.5403827998,0.6237801617287823,0.09312123337138863,0.20754896422605312,229530.0,0.9996962332928311,2021,3
11626,1.0,636070.0,718514.7796272215,0.6215908540527231,0.09074117352109079,0.20604845707139754,241327.0,0.9993466187520418,2021,4
11939,1.0,690000.0,785268.7664786598,0.6525922988410328,0.08670252185681479,0.18138230843335457,247461.0,0.9992021276595745,2022,1
11861,1.0,720000.0,816776.8840616532,0.6518754570725506,0.09246877766578658,0.17861746047390065,246482.0,0.9983026874115983,2022,2
11796,1.0,750000.0,842509.2502343018,0.652598794837988,0.0958328283838825,0.17722932896645083,279935.0,0.9982502187226596,2022,3
11735,1.0,755361.0,852202.0412989461,0.6540082014773506,0.0936687497802595,0.1781275260756722,287092.0,0.997268588770865,2022,4
11977,1.0,825000.0,923540.7256414556,0.671005330901034,0.08761288366766327,0.16739150178600298,284410.0,0.9991880920162381,2023,1
11885,1.0,840000.0,954457.0926442023,0.6756606057130828,0.08779339650400884,0.16181723674519444,274501.0,1.0,2023,2
11774,1.0,888978.0,997129.1765308736,0.6644304441507262,0.09652803603762934,0.15892940456227134,310240.0,0.9989258861439313,2023,3
11703,1.0,900000.0,1021818.3289779077,0.6704944940344745,0.09441291292985715,0.15735540069804219,319772.5,0.9997145304025121,2023,4
11960,1.0,923582.0,1053637.9526567615,0.6715213527518622,0.08221082178726874,0.1627258213332411,309836.5,1.0,2024,1
11846,1.0,945845.0,1069690.1385828108,0.6830858249845339,0.08029118321112308,0.16190979319454762,296258.5,0.9994846688997681,2024,2
11740,1.0,979000.0,1097486.911114917,0.669944806085816,0.09217823749955298,0.16166963181954683,329859.5,0.9997381513485205,2024,3
11709,1.0,988600.0,1116557.0358216648,0.6720622164824119,0.09178423979137727,0.16159808511525525,347550.0,1.0,2024,4
