path,form,year,rows,cols,cell_missing,cols_full,cols_empty,cols_gt90
1t_god/2021/2021_1t_god.csv,1t_god,2021,7721951,16,0.5798130226415579,5,0,7
1t_god/2022/2022_1t_god.csv,1t_god,2022,8285961,18,0.5170122022592726,7,1,7
1t_god/2023/2023_1t_god.csv,1t_god,2023,8574325,19,0.48994322247554545,8,0,7
1t_god/2024/sr_1t_god_12_2024.csv,1t_god,2024,5443662,30,0.3431510687719651,18,1,8
1t_kv/2021/1kv/1kv2021.csv,1t_kv,2021,1547716,8,0.21170300300571943,6,0,1
1t_kv/2021/2kv/2kv2021.csv,1t_kv,2021,1572541,8,0.21112215834118153,6,0,1
1t_kv/2021/3kv/3kv2021.csv,1t_kv,2021,1614596,8,0.21064952161407557,6,0,1
1t_kv/2021/4kv/4kv2021.csv,1t_kv,2021,1624192,8,0.2107611815598156,6,0,1
1t_kv/2022/1kv/1kv2022.csv,1t_kv,2022,1555073,10,0.16914138435944803,8,0,1
1t_kv/2022/2kv/2kv2022.csv,1t_kv,2022,1562755,10,0.16874090948357223,8,0,1
1t_kv/2022/3kv/3kv2022.csv,1t_kv,2022,1619210,10,0.16858085115581056,8,0,1
1t_kv/2022/4kv/4kv2022.csv,1t_kv,2022,1631009,10,0.16857417708915157,8,0,1
1t_kv/2023/1kv/1kv2023.csv,1t_kv,2023,1416073,10,0.16897878852290804,8,0,1
1t_kv/2023/2kv/2kv2023.csv,1t_kv,2023,1438249,10,0.16856205010398062,8,0,1
1t_kv/2023/3kv/3kv2023.csv,1t_kv,2023,1468595,10,0.16819184322430625,8,0,1
1t_kv/2023/4kv/4kv2023.csv,1t_kv,2023,1466320,16,0.10528947467128591,14,0,1
1t_kv/2024/1kv/1t_kv_03_2024.csv,1t_kv,2024,1456083,10,0.07516865453411659,9,0,0
1t_kv/2024/2kv/1t_kv_06_2024.csv,1t_kv,2024,1485615,10,0.0753470448265533,9,0,0
1t_kv/2024/3kv/1t_kv_09_2024.csv,1t_kv,2024,1506346,10,0.07569383129772311,9,0,0
1t_kv/2024/4kv/1t_kv_12_2024.csv,1t_kv,2024,1515869,10,0.07561491131489595,8,0,0
2t/2021/2_t_oplata_truda_2021.csv,2t,2021,1884114,13,0.08516241177959094,6,1,1
2t/2022/2_t_oplata_truda_2022.csv,2t,2022,1708363,16,0.07131040797535415,7,1,1
2t/2023/2_t_oplata_truda_2023.csv,2t,2023,1748127,16,0.0717687773828789,7,1,1
2t/2024/sr_2t_ot_god_04_2024_parol_2025.csv,2t,2024,1988210,20,0.057145824636230524,11,1,1
d002/2021/ocenka.csv,d002,2021,11953,48,0.23885217100309541,35,0,10
d002/2021/subject.csv,d002,2021,11953,52,0.0,52,0,0
d002/2022/ocenka.csv,d002,2022,11934,63,0.3884592773481662,37,0,24
d002/2022/subject.csv,d002,2022,11934,48,6.109993855096807e-05,47,0,0
d002/2023/ocenka.csv,d002,2023,11953,98,0.5466077169594517,27,4,38
d002/2023/subject.csv,d002,2023,11953,75,0.25167572994227394,55,1,19
d002/2024/ocenka.csv,d002,2024,11931,97,0.5504770989892915,26,4,38
d002/2024/subject.csv,d002,2024,11931,75,0.25279579806107344,55,3,19
d004/2021/1kv/kv_vopr0.csv,d004,2021,12000,6,0.0,6,0,0
d004/2021/1kv/kv_vopr1.csv,d004,2021,268143,9,0.11111111111111116,8,1,1
d004/2021/1kv/kv_vopr10.csv,d004,2021,7653,12,0.01684524587307812,10,0,0
d004/2021/1kv/kv_vopr11.csv,d004,2021,24680,33,0.030303030303030276,32,1,1
d004/2021/1kv/kv_vopr12.csv,d004,2021,5601,9,0.13249618123747742,6,0,0
d004/2021/1kv/kv_vopr2.csv,d004,2021,63983,9,0.004581077959944224,8,0,0
d004/2021/1kv/kv_vopr3.csv,d004,2021,26787,8,0.0,8,0,0
d004/2021/1kv/kv_vopr4.csv,d004,2021,1737,8,0.0,8,0,0
d004/2021/1kv/kv_vopr5.csv,d004,2021,5270,8,0.0,8,0,0
d004/2021/1kv/kv_vopr6.csv,d004,2021,36743,10,0.14917943553874202,8,1,1
d004/2021/1kv/kv_vopr7.csv,d004,2021,14330,8,0.0,8,0,0
d004/2021/1kv/kv_vopr9.csv,d004,2021,51716,20,0.3382183463531596,7,0,1
d004/2021/2kv/kv_vopr0.csv,d004,2021,12000,6,0.0,6,0,0
d004/2021/2kv/kv_vopr1.csv,d004,2021,274850,9,0.11111111111111116,8,1,1
d004/2021/2kv/kv_vopr10.csv,d004,2021,9732,12,0.013306617344841731,10,0,0
d004/2021/2kv/kv_vopr11.csv,d004,2021,25109,33,0.030303030303030276,32,1,1
d004/2021/2kv/kv_vopr12.csv,d004,2021,4972,9,0.12950299454724234,6,0,0
d004/2021/2kv/kv_vopr2.csv,d004,2021,62989,9,0.0038860400669605832,8,0,0
d004/2021/2kv/kv_vopr3.csv,d004,2021,26496,8,0.0,8,0,0
d004/2021/2kv/kv_vopr4.csv,d004,2021,1595,8,0.0,8,0,0
d004/2021/2kv/kv_vopr5.csv,d004,2021,5032,8,0.0,8,0,0
d004/2021/2kv/kv_vopr6.csv,d004,2021,38414,10,0.143364398396418,8,1,1
d004/2021/2kv/kv_vopr7.csv,d004,2021,14451,8,0.0,8,0,0
d004/2021/2kv/kv_vopr9.csv,d004,2021,61093,20,0.3166893097408868,7,0,0
d004/2021/3kv/kv_vopr0.csv,d004,2021,12000,6,0.0,6,0,0
d004/2021/3kv/kv_vopr1.csv,d004,2021,291409,9,0.11111111111111116,8,1,1
d004/2021/3kv/kv_vopr10.csv,d004,2021,16047,12,0.007368978625288181,10,0,0
d004/2021/3kv/kv_vopr11.csv,d004,2021,24735,33,0.030303030303030276,32,1,1
d004/2021/3kv/kv_vopr12.csv,d004,2021,5193,9,0.1298114983845775,6,0,0
d004/2021/3kv/kv_vopr2.csv,d004,2021,59264,9,0.003869690424766037,8,0,0
d004/2021/3kv/kv_vopr3.csv,d004,2021,26224,8,0.0,8,0,0
d004/2021/3kv/kv_vopr4.csv,d004,2021,1651,8,0.0,8,0,0
d004/2021/3kv/kv_vopr5.csv,d004,2021,5062,8,0.0,8,0,0
d004/2021/3kv/kv_vopr6.csv,d004,2021,41746,10,0.14252862549705358,8,1,1
d004/2021/3kv/kv_vopr7.csv,d004,2021,14734,8,0.0,8,0,0
d004/2021/3kv/kv_vopr9.csv,d004,2021,69775,20,0.25361375850949486,7,0,0
d004/2021/4kv/kv_vopr0.csv,d004,2021,12000,6,0.0,6,0,0
d004/2021/4kv/kv_vopr1.csv,d004,2021,258042,9,0.11111111111111116,8,1,1
d004/2021/4kv/kv_vopr10.csv,d004,2021,8677,12,0.017056586377780292,10,0,0
d004/2021/4kv/kv_vopr11.csv,d004,2021,24558,33,0.030303030303030276,32,1,1
d004/2021/4kv/kv_vopr12.csv,d004,2021,4633,9,0.13024917859798069,6,0,0
d004/2021/4kv/kv_vopr2.csv,d004,2021,64216,9,0.005974627299530799,8,0,0
d004/2021/4kv/kv_vopr3.csv,d004,2021,26251,8,0.0,8,0,0
d004/2021/4kv/kv_vopr4.csv,d004,2021,1897,8,0.0,8,0,0
d004/2021/4kv/kv_vopr5.csv,d004,2021,4577,8,0.0,8,0,0
d004/2021/4kv/kv_vopr6.csv,d004,2021,37212,10,0.1441846716113082,8,1,1
d004/2021/4kv/kv_vopr7.csv,d004,2021,14110,8,0.0,8,0,0
d004/2021/4kv/kv_vopr9.csv,d004,2021,53301,20,0.3148955929532279,7,0,0
d004/2022/1kv/kv_vopr0.csv,d004,2022,12000,6,0.0,6,0,0
d004/2022/1kv/kv_vopr1.csv,d004,2022,270907,9,0.11111111111111116,8,1,1
d004/2022/1kv/kv_vopr10.csv,d004,2022,7956,11,0.02062480003656475,9,0,0
d004/2022/1kv/kv_vopr11.csv,d004,2022,24874,33,0.0,33,0,0
d004/2022/1kv/kv_vopr12.csv,d004,2022,5692,9,0.12799640821425784,6,0,0
d004/2022/1kv/kv_vopr2.csv,d004,2022,63392,9,0.004013825789444203,8,0,0
d004/2022/1kv/kv_vopr3.csv,d004,2022,27068,8,0.0,8,0,0
d004/2022/1kv/kv_vopr4.csv,d004,2022,2583,8,0.0,8,0,0
d004/2022/1kv/kv_vopr5.csv,d004,2022,4361,8,0.0,8,0,0
d004/2022/1kv/kv_vopr6.csv,d004,2022,39345,10,0.1397814207650273,8,1,1
d004/2022/1kv/kv_vopr7.csv,d004,2022,15010,8,0.0,8,0,0
d004/2022/1kv/kv_vopr9.csv,d004,2022,52913,19,0.3090316079920664,6,0,1
d004/2022/2kv/kv_vopr0.csv,d004,2022,12000,6,0.0,6,0,0
d004/2022/2kv/kv_vopr1.csv,d004,2022,274264,9,0.11111111111111116,8,1,1
d004/2022/2kv/kv_vopr10.csv,d004,2022,9821,11,0.016411955827493996,9,0,0
d004/2022/2kv/kv_vopr11.csv,d004,2022,25130,33,0.0,33,0,0
d004/2022/2kv/kv_vopr12.csv,d004,2022,5243,9,0.12709008837179736,6,0,0
d004/2022/2kv/kv_vopr2.csv,d004,2022,61482,9,0.0035873191430915163,8,0,0
d004/2022/2kv/kv_vopr3.csv,d004,2022,27272,8,0.0,8,0,0
d004/2022/2kv/kv_vopr4.csv,d004,2022,2190,8,0.0,8,0,0
d004/2022/2kv/kv_vopr5.csv,d004,2022,5146,8,0.0,8,0,0
d004/2022/2kv/kv_vopr6.csv,d004,2022,40721,10,0.1399228899093834,8,1,1
d004/2022/2kv/kv_vopr7.csv,d004,2022,15382,8,0.0,8,0,0
d004/2022/2kv/kv_vopr9.csv,d004,2022,60299,19,0.3062667531363442,6,0,0
d004/2022/3kv/kv_vopr0.csv,d004,2022,12000,6,0.0,6,0,0
d004/2022/3kv/kv_vopr1.csv,d004,2022,297560,8,0.0,8,0,0
d004/2022/3kv/kv_vopr10.csv,d004,2022,15783,11,0.011300997045152195,9,0,0
d004/2022/3kv/kv_vopr11.csv,d004,2022,25088,33,0.0,33,0,0
d004/2022/3kv/kv_vopr12.csv,d004,2022,6366,9,0.14542534994938383,6,0,0
d004/2022/3kv/kv_vopr2.csv,d004,2022,58844,9,0.004898073248287393,8,0,0
d004/2022/3kv/kv_vopr3.csv,d004,2022,26662,8,0.0,8,0,0
d004/2022/3kv/kv_vopr4.csv,d004,2022,2163,8,0.0,8,0,0
d004/2022/3kv/kv_vopr5.csv,d004,2022,4693,8,0.0,8,0,0
d004/2022/3kv/kv_vopr6.csv,d004,2022,46226,10,0.1442067234889456,8,1,1
d004/2022/3kv/kv_vopr7.csv,d004,2022,15607,8,0.0,8,0,0
d004/2022/3kv/kv_vopr9.csv,d004,2022,70719,19,0.2671499730958925,6,0,0
d004/2022/4kv/kv_vopr0.csv,d004,2022,12000,6,0.0,6,0,0
d004/2022/4kv/kv_vopr1.csv,d004,2022,262008,9,0.11111111111111116,8,1,1
d004/2022/4kv/kv_vopr10.csv,d004,2022,8501,11,0.020607201291826582,9,0,0
d004/2022/4kv/kv_vopr11.csv,d004,2022,25045,33,0.0,33,0,0
d004/2022/4kv/kv_vopr12.csv,d004,2022,4937,9,0.12722526050457994,6,0,0
d004/2022/4kv/kv_vopr2.csv,d004,2022,63636,9,0.0029106515529294663,8,0,0
d004/2022/4kv/kv_vopr3.csv,d004,2022,26760,8,0.0,8,0,0
d004/2022/4kv/kv_vopr4.csv,d004,2022,2369,8,0.0,8,0,0
d004/2022/4kv/kv_vopr5.csv,d004,2022,4350,8,0.0,8,0,0
d004/2022/4kv/kv_vopr6.csv,d004,2022,40246,10,0.14027977935695468,8,1,1
d004/2022/4kv/kv_vopr7.csv,d004,2022,15263,8,0.0,8,0,0
d004/2022/4kv/kv_vopr9.csv,d004,2022,52967,19,0.311011921027293,6,0,0
d004/2023/1kv/kv_vopr0.csv,d004,2023,12000,6,0.0,6,0,0
d004/2023/1kv/kv_vopr1.csv,d004,2023,267827,10,0.09999999999999998,9,1,1
d004/2023/1kv/kv_vopr10.csv,d004,2023,7556,11,0.024507916646614336,9,0,0
d004/2023/1kv/kv_vopr11.csv,d004,2023,24831,33,0.0,33,0,0
d004/2023/1kv/kv_vopr12.csv,d004,2023,6063,9,0.1306100756867704,6,0,0
d004/2023/1kv/kv_vopr2.csv,d004,2023,64324,9,0.006892191613291021,8,0,0
d004/2023/1kv/kv_vopr3.csv,d004,2023,27403,8,0.0,8,0,0
d004/2023/1kv/kv_vopr4.csv,d004,2023,3018,8,0.0,8,0,0
d004/2023/1kv/kv_vopr5.csv,d004,2023,4398,8,0.0,8,0,0
d004/2023/1kv/kv_vopr6.csv,d004,2023,42121,10,0.14759146269081935,8,1,1
d004/2023/1kv/kv_vopr7.csv,d004,2023,15573,8,0.0,8,0,0
d004/2023/1kv/kv_vopr9.csv,d004,2023,50314,19,0.35479295288744583,6,0,1
d004/2023/2kv/kv_vopr0.csv,d004,2023,12000,6,0.0,6,0,0
d004/2023/2kv/kv_vopr1.csv,d004,2023,267699,10,0.09999999999999998,9,1,1
d004/2023/2kv/kv_vopr10.csv,d004,2023,9407,11,0.01902838311895394,9,0,0
d004/2023/2kv/kv_vopr11.csv,d004,2023,25011,33,0.0,33,0,0
d004/2023/2kv/kv_vopr12.csv,d004,2023,5962,9,0.13039994036304003,6,0,0
d004/2023/2kv/kv_vopr2.csv,d004,2023,62744,9,0.005011546035389003,8,0,0
d004/2023/2kv/kv_vopr3.csv,d004,2023,26927,8,0.0,8,0,0
d004/2023/2kv/kv_vopr4.csv,d004,2023,2611,8,0.0,8,0,0
d004/2023/2kv/kv_vopr5.csv,d004,2023,4554,8,0.0,8,0,0
d004/2023/2kv/kv_vopr6.csv,d004,2023,42588,10,0.14401474593782282,8,1,1
d004/2023/2kv/kv_vopr7.csv,d004,2023,15848,8,0.0,8,0,0
d004/2023/2kv/kv_vopr9.csv,d004,2023,56560,19,0.3260580287352044,6,0,0
d004/2023/3kv/kv_vopr0.csv,d004,2023,12000,6,0.0,6,0,0
d004/2023/3kv/kv_vopr1.csv,d004,2023,298072,10,0.09999999999999998,9,1,1
d004/2023/3kv/kv_vopr10.csv,d004,2023,16094,11,0.009484053910548296,9,0,0
d004/2023/3kv/kv_vopr11.csv,d004,2023,24835,33,0.0,33,0,0
d004/2023/3kv/kv_vopr12.csv,d004,2023,5893,9,0.12932481098101323,6,0,0
d004/2023/3kv/kv_vopr2.csv,d004,2023,58679,9,0.006078267636917212,8,0,0
d004/2023/3kv/kv_vopr3.csv,d004,2023,26506,8,0.0,8,0,0
d004/2023/3kv/kv_vopr4.csv,d004,2023,2540,8,0.0,8,0,0
d004/2023/3kv/kv_vopr5.csv,d004,2023,4792,8,0.0,8,0,0
d004/2023/3kv/kv_vopr6.csv,d004,2023,48622,10,0.14147916580971576,8,1,1
d004/2023/3kv/kv_vopr7.csv,d004,2023,16583,8,0.0,8,0,0
d004/2023/3kv/kv_vopr9.csv,d004,2023,66075,19,0.258575382838481,6,0,0
d004/2023/4kv/kv_vopr0.csv,d004,2023,12000,6,0.0,6,0,0
d004/2023/4kv/kv_vopr1.csv,d004,2023,265988,9,0.0,9,0,0
d004/2023/4kv/kv_vopr10.csv,d004,2023,9078,12,0.01733127708012039,10,0,0
d004/2023/4kv/kv_vopr11.csv,d004,2023,24752,33,0.0,33,0,0
d004/2023/4kv/kv_vopr12.csv,d004,2023,5657,12,0.1833716339638206,7,0,0
d004/2023/4kv/kv_vopr2.csv,d004,2023,63803,9,0.008073462237059514,8,0,0
d004/2023/4kv/kv_vopr3.csv,d004,2023,26110,8,0.0,8,0,0
d004/2023/4kv/kv_vopr4.csv,d004,2023,2585,8,0.0,8,0,0
d004/2023/4kv/kv_vopr5.csv,d004,2023,4325,8,0.0,8,0,0
d004/2023/4kv/kv_vopr6.csv,d004,2023,42837,9,0.11111111111111116,8,1,1
d004/2023/4kv/kv_vopr7.csv,d004,2023,16154,8,0.0,8,0,0
d004/2023/4kv/kv_vopr9.csv,d004,2023,51249,20,0.3082050381470858,7,0,0
d004/2024/1kv/kv_vopr0.csv,d004,2024,12000,6,0.0,6,0,0
d004/2024/1kv/kv_vopr1.csv,d004,2024,269130,10,0.09999999999999998,9,1,1
d004/2024/1kv/kv_vopr10.csv,d004,2024,8107,12,0.01762879815797047,10,0,0
d004/2024/1kv/kv_vopr11.csv,d004,2024,24535,33,0.0,33,0,0
d004/2024/1kv/kv_vopr12.csv,d004,2024,6882,12,0.1903637508476218,7,0,0
d004/2024/1kv/kv_vopr2.csv,d004,2024,65466,9,0.008014338231550178,8,0,0
d004/2024/1kv/kv_vopr3.csv,d004,2024,26191,8,0.0,8,0,0
d004/2024/1kv/kv_vopr4.csv,d004,2024,2843,8,0.0,8,0,0
d004/2024/1kv/kv_vopr5.csv,d004,2024,4511,8,0.0,8,0,0
d004/2024/1kv/kv_vopr6.csv,d004,2024,44054,10,0.14444545330730463,8,1,1
d004/2024/1kv/kv_vopr7.csv,d004,2024,16355,8,0.0,8,0,0
d004/2024/1kv/kv_vopr9.csv,d004,2024,50165,20,0.3237067676666999,7,0,1
d004/2024/2kv/kv_vopr0.csv,d004,2024,12000,6,0.0,6,0,0
d004/2024/2kv/kv_vopr1.csv,d004,2024,267326,10,0.09999999999999998,9,1,1
d004/2024/2kv/kv_vopr10.csv,d004,2024,9634,12,0.011660092727146965,10,0,0
d004/2024/2kv/kv_vopr11.csv,d004,2024,24513,33,0.0,33,0,0
d004/2024/2kv/kv_vopr12.csv,d004,2024,6330,12,0.17765929436545547,7,0,0
d004/2024/2kv/kv_vopr2.csv,d004,2024,62559,9,0.011121945328054772,8,0,0
d004/2024/2kv/kv_vopr3.csv,d004,2024,25476,8,0.0,8,0,0
d004/2024/2kv/kv_vopr4.csv,d004,2024,2490,8,0.0,8,0,0
d004/2024/2kv/kv_vopr5.csv,d004,2024,4673,8,0.0,8,0,0
d004/2024/2kv/kv_vopr6.csv,d004,2024,44266,10,0.14266028102832873,8,1,1
d004/2024/2kv/kv_vopr7.csv,d004,2024,16645,8,0.0,8,0,0
d004/2024/2kv/kv_vopr9.csv,d004,2024,56682,20,0.30352757489149995,7,0,0
d004/2024/3kv/kv_vopr0.csv,d004,2024,12000,6,0.0,6,0,0
d004/2024/3kv/kv_vopr1.csv,d004,2024,294179,10,0.09999999999999998,9,1,1
d004/2024/3kv/kv_vopr10.csv,d004,2024,14444,12,0.009479137819625172,10,0,0
d004/2024/3kv/kv_vopr11.csv,d004,2024,24387,33,0.0,33,0,0
d004/2024/3kv/kv_vopr12.csv,d004,2024,6131,12,0.17612678736475829,7,0,0
d004/2024/3kv/kv_vopr2.csv,d004,2024,58974,9,0.009881944208935733,8,0,0
d004/2024/3kv/kv_vopr3.csv,d004,2024,25350,8,0.0,8,0,0
d004/2024/3kv/kv_vopr4.csv,d004,2024,2261,8,0.0,8,0,0
d004/2024/3kv/kv_vopr5.csv,d004,2024,4295,8,0.0,8,0,0
d004/2024/3kv/kv_vopr6.csv,d004,2024,46988,10,0.14070613773729468,8,1,1
d004/2024/3kv/kv_vopr7.csv,d004,2024,16576,8,0.0,8,0,0
d004/2024/3kv/kv_vopr9.csv,d004,2024,64524,20,0.26746481929204635,7,0,0
d004/2024/4kv/kv_vopr0.csv,d004,2024,12000,6,0.0,6,0,0
d004/2024/4kv/kv_vopr1.csv,d004,2024,264416,10,0.09999999999999998,9,1,1
d004/2024/4kv/kv_vopr10.csv,d004,2024,8303,12,0.017624151912963182,10,0,0
d004/2024/4kv/kv_vopr11.csv,d004,2024,24427,33,0.0,33,0,0
d004/2024/4kv/kv_vopr12.csv,d004,2024,5611,12,0.1861967563714133,7,0,0
d004/2024/4kv/kv_vopr2.csv,d004,2024,64421,9,0.007740747064880482,8,0,0
d004/2024/4kv/kv_vopr3.csv,d004,2024,24647,8,0.0,8,0,0
d004/2024/4kv/kv_vopr4.csv,d004,2024,2586,8,0.0,8,0,0
d004/2024/4kv/kv_vopr5.csv,d004,2024,4163,8,0.0,8,0,0
d004/2024/4kv/kv_vopr6.csv,d004,2024,43394,10,0.14562381896114673,8,1,1
d004/2024/4kv/kv_vopr7.csv,d004,2024,16132,8,0.0,8,0,0
d004/2024/4kv/kv_vopr9.csv,d004,2024,49340,20,0.32919537900283746,7,0,1
d006/2021/rio.csv,d006,2021,11636,247,0.6619060906888158,59,49,144
d006/2022/rio2022.csv,d006,2022,11744,247,0.6681134099659125,58,54,145
d006/2023/rio2023.csv,d006,2023,11659,247,0.6713928493669467,58,54,144
d006/2024/rio_2024.csv,d006,2024,11704,247,0.6651617080979961,59,56,143
d008/2021/kontr_k.csv,d008,2021,41868,29,0.4289416985402398,11,1,11
d008/2022/kontr_k.csv,d008,2022,42681,31,0.40246434350557136,13,1,11
d008/2023/kontr_k.csv,d008,2023,42689,31,0.42859722871873773,13,3,12
d008/2024/kontr_k.csv,d008,2024,41821,35,0.40773978896453256,14,1,11
t001/2021/2021.csv,t001,2021,472456,39,0.23626375952306833,17,0,3
t001/2022/baza.csv,t001,2022,467667,40,0.23051583712342327,19,0,4
t001/2023/baza.csv,t001,2023,475635,40,0.26628543946513605,19,0,4
t001/2024/baza.csv,t001,2024,469352,40,0.2686779858187458,18,0,4
