form,year,tables,rows,cols,miss,empty,gt90
1t_god,2021,1,7721951,16,0.5798130226415578,0,7
1t_god,2022,1,8285961,18,0.5170122022592726,1,7
1t_god,2023,1,8574325,19,0.4899432224755454,0,7
1t_god,2024,1,5443662,30,0.3431510687719651,1,8
1t_kv,2021,4,6359045,8,0.2110513253169304,0,4
1t_kv,2022,4,6368047,10,0.168755302842457,0,4
1t_kv,2023,4,5789237,16,0.14631021997355234,0,4
1t_kv,2024,4,5963913,10,0.07545916581948794,0,0
2t,2021,1,1884114,13,0.0851624117795909,1,1
2t,2022,1,1708363,16,0.0713104079753541,1,1
2t,2023,1,1748127,16,0.0717687773828789,1,1
2t,2024,1,1988210,20,0.0571458246362305,1,1
d002,2021,2,23906,52,0.1146490420814858,0,10
d002,2022,2,23868,63,0.22050330873860285,0,24
d002,2023,2,23906,98,0.4187470289462243,5,57
d002,2024,2,23862,97,0.4206742061426848,7,57
d004,2021,48,2132690,33,0.11950200950510365,12,13
d004,2022,48,2164844,33,0.10132086424193645,7,8
d004,2023,48,2162568,33,0.09866900402388519,7,8
d004,2024,48,2152382,33,0.10965324663734456,8,10
d006,2021,1,11636,247,0.6619060906888158,49,144
d006,2022,1,11744,247,0.6681134099659125,54,145
d006,2023,1,11659,247,0.6713928493669467,54,144
d006,2024,1,11704,247,0.6651617080979961,56,143
d008,2021,1,41868,29,0.4289416985402398,1,11
d008,2022,1,42681,31,0.40246434350557136,1,11
d008,2023,1,42689,31,0.4285972287187377,3,12
d008,2024,1,41821,35,0.4077397889645325,1,11
t001,2021,1,472456,39,0.23626375952306827,0,3
t001,2022,1,467667,40,0.2305158371234232,0,4
t001,2023,1,475635,40,0.266285439465136,0,4
t001,2024,1,469352,40,0.2686779858187458,0,4
