reg,n,unemp_rate,emp_rate,year
79,9377,0.04280466379172656,0.6391169883758132,2021
55,29006,0.04344346124772111,0.7416396607598428,2021
43,19442,0.06998579769607069,0.6062647875732949,2021
11,35600,0.050413533834586466,0.7095224719101123,2021
23,15965,0.05268630849220104,0.6847478860006264,2021
19,49701,0.04993972791458585,0.6660228164423251,2021
47,11460,0.054668224905856384,0.6352530541012217,2021
61,34819,0.05995304376991447,0.6439587581492863,2021
75,24526,0.05359413795191667,0.6372013373562749,2021
15,27027,0.03533794571580628,0.6706626706626707,2021
63,40708,0.037903555373927256,0.6939913530509974,2021
35,42051,0.039232336956521736,0.6726356091412808,2021
31,25566,0.05833917309039944,0.630720488148322,2021
27,28040,0.056261432738418944,0.6807774607703281,2021
59,24102,0.04145810663764962,0.7309766824329931,2021
39,43316,0.05338601488560139,0.7135007849293563,2021
71,11750,0.054233320327740926,0.6188936170212765,2021
55,28348,0.04912923923006416,0.7319034852546917,2022
79,10128,0.044518981552065864,0.6187796208530806,2022
43,18850,0.05109977419085055,0.6019098143236075,2022
15,28372,0.03081980686254366,0.665021852530664,2022
75,23370,0.05857939855762689,0.5920838682071031,2022
63,21433,0.04542664211172499,0.652965053888863,2022
23,15584,0.06121723678365171,0.6780030800821355,2022
19,28363,0.041148133279807306,0.6736946021224836,2022
47,12029,0.052507374631268436,0.6675534125862499,2022
35,30025,0.04133599493646234,0.6557868442964196,2022
27,27291,0.047174986286341196,0.7001209189842805,2022
31,24272,0.053012800499531686,0.6248352010547132,2022
62,11476,0.04945054945054945,0.6783722551411642,2022
10,18262,0.06167366620003111,0.6606614828605848,2022
61,34384,0.05929079259194242,0.6234004187994416,2022
33,20200,0.042440697342097745,0.6634653465346535,2022
71,12757,0.05006159704334192,0.664889864388179,2022
59,24251,0.043183651519225597,0.7336604676095831,2022
39,42946,0.05331670671249126,0.7247706422018348,2022
11,35326,0.04989324643218339,0.7180263828341731,2022
19,29083,0.03787382117101215,0.6559845958119864,2023
47,11377,0.062308728118496755,0.6732882130614397,2023
23,14605,0.0518085004317375,0.6766860664156111,2023
71,13645,0.04644519678374947,0.6605349945034811,2023
55,26877,0.05285889570552147,0.7180116828515087,2023
43,17999,0.05413520933424846,0.6125340296683149,2023
79,8915,0.05225106802497535,0.6469994391475042,2023
75,24295,0.052270997208830244,0.6149413459559581,2023
63,24441,0.05701219512195122,0.6327482508898982,2023
15,26779,0.04972225247794358,0.6515926658949177,2023
11,37737,0.05113536038422149,0.7120067837930943,2023
59,24072,0.05060081578657259,0.7155201063476238,2023
39,40960,0.048097772521190615,0.707373046875,2023
35,35691,0.045332026464101935,0.6549550306800034,2023
31,26921,0.05438334164036108,0.6342632145908399,2023
62,10205,0.06562912934958155,0.6236158745712885,2023
27,28650,0.04733844038499312,0.6771378708551483,2023
33,19475,0.04838709677419355,0.6271116816431322,2023
10,18855,0.05599393019726859,0.6598780164412623,2023
61,35053,0.052627064121809994,0.6301315151342253,2023
39,38986,0.04579046002616598,0.6921971989945108,2024
59,23050,0.042478193332536746,0.6953145336225597,2024
31,26558,0.04087074829931973,0.6636041870622787,2024
27,27148,0.052798091385301595,0.6727199057020775,2024
62,11525,0.04604669160325035,0.6417353579175705,2024
35,33334,0.0405411340975974,0.6553068938621227,2024
19,29197,0.05113522202129797,0.6469842792067678,2024
47,12758,0.06196883852691218,0.6229032763756075,2024
23,13652,0.05145679012345679,0.7034866686199824,2024
11,36203,0.04476464937560039,0.6866834240256332,2024
43,18486,0.05471204188481675,0.5860110353781239,2024
55,26666,0.05128078330531105,0.7194554863871597,2024
79,8733,0.057501306847882905,0.6193747852971487,2024
71,16475,0.03801369863013699,0.6820030349013657,2024
63,25095,0.04771735283708859,0.6433552500498108,2024
75,24436,0.04466767753348496,0.6188001309543297,2024
15,23290,0.05480277024992472,0.6738943752683555,2024
61,36847,0.06536758925985685,0.6131028306239313,2024
10,17046,0.05410324288550629,0.6707732019242051,2024
33,19867,0.05717418546365915,0.6059294307142498,2024
