ag,n,emp_rate,unemp_rate,year
15-24,64191,0.4624324282220249,0.044270581795936764,2021
25-34,88460,0.862401085236265,0.05897445386029185,2021
35-44,94079,0.8944929261578035,0.04834441579590175,2021
45-54,82851,0.8857346320503072,0.04629220492293296,2021
55-64,76699,0.6472053090653073,0.045788320326015916,2021
65+,66176,0.09728602514506769,0.02616850703373166,2021
15-24,61677,0.41574655057801124,0.04048795090555306,2022
25-34,83991,0.8753199747592004,0.0541016931707066,2022
35-44,96499,0.8918434387921118,0.048649724196632875,2022
45-54,81316,0.886320035417384,0.04720859828404479,2022
55-64,76765,0.6542955774115808,0.05207035820782848,2022
65+,67419,0.09875554368946439,0.023467292461132296,2022
15-24,62813,0.39432919936955724,0.04159572821544653,2023
25-34,81228,0.8891145910277244,0.04294876891680581,2023
35-44,102396,0.8845365053322395,0.05431480031323414,2023
45-54,81170,0.8760625846987803,0.054413446450892265,2023
55-64,77409,0.6498856722086579,0.05845030881527232,2023
65+,70619,0.09379911921720784,0.01823032458870609,2023
15-24,61154,0.4077574647610949,0.037034176481946325,2024
25-34,77369,0.8826661841305949,0.03788391096083404,2024
35-44,101114,0.8790671914868367,0.05406210757082349,2024
45-54,81944,0.8621131504442058,0.057652033561433697,2024
55-64,75934,0.660507809413438,0.05716595232724265,2024
65+,71837,0.08651530548324679,0.003367543296985247,2024
