reg,firms,med,year
11,2702,140267.0,2021
61,4101,141551.0,2021
59,2219,143628.0,2021
39,2766,140121.0,2021
19,4130,140785.0,2021
23,1791,177802.5,2021
47,1689,133181.0,2021
35,3617,139578.0,2021
31,2508,140527.0,2021
27,2193,140000.0,2021
71,4017,138884.0,2021
43,2306,143335.0,2021
55,2317,138298.0,2021
79,1948,129409.5,2021
63,3768,140554.0,2021
75,6423,148557.0,2021
15,2516,139458.0,2021
19,2722,160491.0,2022
23,1728,166361.0,2022
47,1898,165500.0,2022
59,2325,177575.0,2022
39,2917,174677.3,2022
27,2185,176186.5,2022
35,3143,171022.0,2022
31,2473,170571.0,2022
62,683,176592.0,2022
43,2276,177621.0,2022
55,2471,176807.0,2022
79,2268,157258.0,2022
71,4702,141223.5,2022
11,2706,178529.0,2022
61,3981,169254.0,2022
10,1649,180843.0,2022
33,1677,178430.0,2022
75,7626,152986.9,2022
63,2320,178847.5,2022
15,2622,169823.0,2022
19,3051,178300.0,2023
23,1999,199979.0,2023
47,1830,190683.0,2023
11,2758,204331.0,2023
55,2528,200000.0,2023
43,2152,197234.0,2023
79,2259,175996.6,2023
39,2959,192898.0,2023
59,2431,194223.0,2023
27,2202,195069.0,2023
35,3176,200957.0,2023
31,2629,195810.0,2023
62,774,188842.0,2023
63,2323,200552.0,2023
75,7711,160162.5,2023
15,2752,196609.5,2023
71,5595,158333.0,2023
33,1776,196389.0,2023
61,4219,199740.0,2023
10,1721,192642.0,2023
39,1704,218125.0,2024
59,1256,232488.0,2024
11,1906,219533.0,2024
71,3655,207977.0,2024
79,1768,211142.9,2024
43,1506,210929.0,2024
55,1302,225000.0,2024
15,1630,216025.0,2024
63,1371,227726.0,2024
75,4764,201250.0,2024
61,3655,213099.0,2024
33,994,213110.0,2024
10,943,246947.5,2024
23,1332,220367.0,2024
47,1293,211361.0,2024
19,1802,204564.0,2024
35,1906,234415.4,2024
31,1954,217158.0,2024
27,1479,221676.0,2024
62,325,212356.0,2024
