firms,med,p25,p75,wmean,year,q
31504,135939.0,93067.0,198972.0,256072.16330895296,2021,1
31382,146244.0,95485.0,220010.0,161651.76062553242,2021,2
31276,152657.0,101271.0,217400.0,210305.16936329997,2021,3
32029,165208.0,106250.0,236121.0,243125.49490365287,2021,4
30659,180534.0,117944.0,254872.0,223416.19496337735,2022,1
30885,200974.0,129011.0,281305.0,235216.77258574226,2022,2
31559,192362.0,123333.0,270143.0,252089.77882117956,2022,3
31943,201571.0,130000.0,296151.0,269901.6431349692,2022,4
28610,218936.0,146814.5,299567.5,235777.98859609742,2023,1
28650,241474.0,158417.0,344519.0,292463.24055526557,2023,2
28764,228471.5,155556.0,322309.0,268367.14796894236,2023,3
29010,280984.0,180667.0,433522.0,537292.1360272524,2023,4
28972,251134.0,174000.0,349029.0,309262.12293689075,2024,1
29678,268749.0,184372.0,374900.0,445885.38382615766,2024,2
30265,251545.0,174357.75,344793.0,292487.0776634853,2024,3
29995,265002.5,182949.0,372010.0,372507.9087102266,2024,4
